word,Freq
entre,1691241
sobre,1440391
foram,1177376
Paulo,1075440
mesmo,813125
forma,768363
maior,763633
ainda,753968
muito,700566
tempo,628630
sendo,606878
todos,579801
parte,575431
estão,483149
pelos,466560
grupo,456304
assim,439753
outro,424525
disse,416135
dados,415674
fazer,415150
menos,402002
podem,401260
mundo,371531
saúde,358285
ontem,331398
final,314049
valor,312935
deste,312251
vezes,305563
desde,294458
total,292136
todas,291527
poder,289296
tanto,282600
pelas,282099
quais,281158
mesma,278687
média,277336
nível,277326
antes,275678
casos,271595
então,269768
ordem,256510
neste,252184
ponto,251673
geral,246848
seria,245327
pouco,241528
outra,239987
desse,230805
campo,230551
dessa,229561
desta,228790
tinha,227094
cerca,225742
ações,222915
lugar,221131
meses,220733
local,220593
idade,217491
nosso,217017
menor,216964
áreas,216763
havia,208403
papel,207202
curso,203319
Maria,203059
esses,202937
cinco,202768
agora,201016
estar,199079
dizer,198859
setor,198279
conta,196677
devem,196072
disso,195915
homem,195666
nossa,189982
quase,186248
texto,185281
horas,183484
longo,182916
vista,182477
autor,179658
novas,179248
novos,178852
minha,177554
falta,176966
risco,175946
essas,173549
série,168609
porém,167941
Silva,164596
apoio,162504
época,161584
idéia,160652
corpo,160547
tendo,159823
houve,159467
livro,157413
Porto,154810
Santa,153827
feito,153477
serão,152717
feita,152669
atual,152274
nesta,152230
serem,151550
gente,150338
acima,148529
saber,145530
nesse,144861
busca,144292
causa,141425
médio,140949
coisa,139203
comum,135950
morte,134666
razão,131752
força,130924
estes,129015
plano,128428
tenha,128192
sejam,125921
terra,124870
teste,123777
renda,122472
prazo,121428
linha,120808
crise,119677
junto,118633
visão,118525
teria,118495
nunca,117818
volta,116886
obras,115931
aluno,115567
único,115438
temos,113623
baixa,113598
deles,113531
Minas,113209
fosse,112552
ficou,112180
filme,111798
algum,110802
tipos,110594
custo,109397
Pedro,107699
passa,107527
forte,106448
União,104706
fator,102820
única,100640
noite,100217
torno,100186
fazem,99566
preço,99504
baixo,99084
certo,98833
falar,98434
estas,97129
nessa,96465
livre,96256
massa,95522
Norte,94598
reais,94359
queda,94347
ficar,93280
possa,92677
tarde,92183
março,89636
julho,89468
perda,89450
juros,89252
filho,88993
banco,87072
abril,85709
faixa,85189
Filho,84986
junho,84797
criar,83740
visto,83706
ambos,83545
meios,83358
levar,82610
claro,81131
exame,80866
termo,80822
venda,80445
capaz,79839
taxas,76676
Souza,76584
fonte,76541
civil,75031
trata,74386
Paris,73378
prova,73332
certa,72796
rural,72755
Santo,72749
ajuda,72408
obter,72152
igual,71945
tenho,70838
muita,70618
fundo,70365
carga,70297
delas,69485
carro,69476
marca,69347
favor,67722
corte,66699
ciclo,66485
etapa,66201
fluxo,65895
crime,65540
leite,65345
haver,65105
Jorge,64815
pagar,64110
cargo,64074
líder,63941
troca,63850
temas,63718
lista,62761
fatos,62237
órgão,62112
fácil,61836
jogos,61580
saída,61272
banda,61009
deixa,59435
passo,59306
norte,59259
chega,59105
opção,58835
Terra,58679
tomar,57322
milho,55854
ideal,55833
olhos,55793
vagas,55476
moral,55321
clube,55313
usado,55075
vamos,54819
votos,54487
manhã,54103
ácido,53710
quero,53309
torna,53288
casas,52978
sinal,52396
aulas,51024
nomes,50772
grave,50721
levou,50540
redes,50446
jovem,50437
atrás,49381
dando,48808
seção,48576
mudar,48049
legal,47941
estou,47571
André,47334
acaba,47221
olhar,47159
bases,46847
peças,46092
ampla,45696
noção,45401
Japão,45077
Jesus,44969
clima,44890
terem,43836
carta,43433
Mário,43405
amigo,43340
disco,43198
viver,43086
chefe,43009
festa,42910
perto,42860
ganho,42700
exige,42659
ética,41869
dizem,41767
altos,41756
erros,41549
redor,41539
Ceará,41438
longe,41262
turno,41194
dieta,41126
César,41081
fases,41018
doses,40989
carne,40801
curto,40750
posse,40658
clara,40484
filha,40280
armas,40272
águas,39826
Goiás,39776
mente,39142
canal,39108
posto,39091
anual,38913
caixa,38868
terão,38659
fazia,38650
prevê,38643
ritmo,38592
grãos,38131
ambas,37817
dólar,37723
lesão,37386
amplo,37356
segue,37117
gerar,36950
mídia,36832
solos,36772
China,36470
altas,36390
rádio,36036
moeda,35961
nobre,35849
usada,35819
vírus,35720
jogar,35669
greve,35637
abrir,35622
regra,35495
tenta,35285
chama,35266
ficam,35206
metas,35166
seres,35096
preso,35091
graus,34868
cujos,34789
longa,34655
lojas,34507
porta,34485
ganha,34313
lucro,34289
vigor,34262
dupla,34060
Média,34044
vinte,33902
ativa,33794
porte,33643
povos,33438
ferro,33187
pedir,33062
Aires,32991
podia,32862
pouca,32812
parto,32745
irmão,32732
fruto,32720
andar,32593
ouvir,32537
velho,32440
oeste,32379
nação,32234
criou,31809
atuar,31406
pediu,31184
notas,31179
gosto,31031
vocês,31028
entra,31018
morto,30760
Chile,30488
salas,30471
curva,30269
folha,29981
pobre,29918
somos,29912
negro,29817
vivem,29727
serve,29685
bloco,29579
votar,29530
breve,28954
tirar,28825
posso,28705
vídeo,28679
motor,28469
danos,28416
David,28355
calor,28331
cores,28077
cujas,27973
fotos,27921
praia,27700
norma,27411
dizia,27311
Natal,27310
Ramos,27305
reúne,27210
verde,26960
união,26954
modos,26936
resto,26753
tende,26733
sabia,26624
forem,26591
verão,26411
Vista,26352
surge,26336
dever,26319
varia,25942
sítio,25862
sonho,25718
custa,25630
vinha,25573
Marco,25571
lazer,25526
Paula,25511
arroz,25507
pauta,25370
turma,25224
casal,25223
sabem,25192
jeito,25189
enfim,25188
plena,25147
atriz,25132
apelo,25030
pleno,24785
frase,24762
perde,24626
álbum,24528
droga,24527
levam,24516
cases,24515
placa,24424
praça,24392
times,24387
atuam,24319
ativo,24148
poeta,24121
ratos,24053
chuva,24036
pares,23824
civis,23765
basta,23762
senão,23601
elite,23437
artes,23401
culpa,23336
senso,23277
Chico,23170
ricos,22878
sofre,22872
padre,22780
falou,22759
ração,22734
aérea,22648
avião,22567
leste,22547
lança,22452
ponta,22409
hotel,22377
genes,22307
deram,22221
ocupa,22198
mudou,22133
pista,22118
gasto,22112
negra,22076
renal,22075
fibra,21812
Belém,21657
aliás,21656
letra,21625
acaso,21610
lidar,21562
feliz,21424
falha,21407
chave,21389
palco,21301
sorte,21257
tomou,21186
pensa,21117
sódio,21081
Mauro,21005
safra,20973
parar,20725
dança,20489
óssea,20332
ramos,20224
Piauí,20156
tumor,20151
trigo,20147
multa,20082
metal,20012
lutas,20001
tiver,20000
aguda,19869
terço,19822
citar,19734
rosto,19579
Fábio,19551
vacas,19541
vivos,19430
humor,19425
sexta,19414
sério,19383
reduz,19372
golpe,19249
honra,19247
matar,19170
êxito,19115
velha,19114
Aécio,19094
abriu,19025
ponte,18849
vidas,18834
fusão,18804
notar,18780
areia,18680
vidro,18665
braço,18630
Índia,18625
daqui,18524
cenas,18388
cobre,18375
invés,18215
gosta,18161
lados,18144
sente,18081
Marta,18076
bolsa,17992
marco,17825
bruta,17803
febre,17387
justo,17358
alemã,17285
úteis,17262
subiu,17257
lotes,17249
cento,17217
comer,17211
samba,17198
rigor,17194
tanta,16978
penal,16944
curta,16918
dadas,16842
passe,16831
micro,16829
feira,16808
mudas,16732
justa,16689
zonas,16688
verba,16661
vimos,16583
tocar,16493
pegar,16411
trato,16306
vinho,16270
pedra,16243
abuso,16208
pesos,16133
medir,16096
vasos,16085
ondas,15894
tiros,15855
saldo,15809
vetor,15718
canto,15709
ótimo,15694
casca,15688
ótica,15671
larga,15511
vento,15455
óbito,15372
anexo,15256
bomba,15243
cópia,15242
museu,15234
duplo,15177
sexos,15171
bacia,15170
venha,15167
roupa,15065
porto,15062
afeta,15045
vemos,15025
lutar,14993
Bento,14990
graça,14959
negou,14942
Carla,14914
fugir,14864
Suíça,14853
censo,14818
acham,14761
fetal,14729
poema,14694
preto,14580
falam,14457
virou,14390
donos,14305
vazio,14295
subir,14269
corre,14198
impõe,14176
pagos,14088
russo,14069
raças,14019
peito,13997
disto,13909
soube,13804
teses,13702
índio,13697
laços,13686
achar,13538
solar,13522
exibe,13450
impor,13416
vindo,13413
devia,13358
culto,13339
vital,13322
ápice,13316
mapas,13258
negar,13255
Texas,13169
firme,13105
dores,13102
gerou,13067
gesto,13066
vozes,13016
pesca,12956
cesta,12951
vendo,12947
costa,12908
juízo,12895
barra,12773
lenta,12678
banho,12645
penas,12578
grade,12538
matou,12524
fique,12521
briga,12485
sabor,12471
faria,12470
Miami,12457
amiga,12377
laser,12355
pasta,12322
fraco,12259
major,12211
idoso,12207
herói,12205
polpa,12187
cheio,12180
ruído,12137
falas,12054
gases,12050
nasal,12041
bateu,12032
salto,12001
nisso,11886
traço,11860
Bruno,11855
viveu,11818
eixos,11817
rapaz,11739
tubos,11709
Elias,11666
bucal,11657
trama,11641
prata,11621
bispo,11590
preta,11559
opera,11547
datas,11540
ótima,11536
malha,11522
raios,11470
cunho,11447
reino,11425
sócio,11420
verbo,11387
peixe,11378
rumos,11370
morar,11335
lento,11334
supor,11326
vende,11271
cheia,11249
vence,11166
Amapá,11130
salvo,11100
edema,11085
dente,11051
largo,11050
vapor,11048
falsa,11048
conto,11025
bater,10999
falso,10968
fezes,10968
móvel,10938
ossos,10911
perna,10860
drama,10842
tênis,10778
fiéis,10773
expor,10669
tange,10632
males,10630
resta,10626
visam,10618
vazão,10538
vôlei,10465
rival,10419
daria,10374
dobro,10373
cotas,10362
diria,10352
roubo,10318
durou,10310
virar,10298
fixos,10269
pacto,10263
envio,10251
toque,10240
navio,10231
ilhas,10219
rever,10195
usina,10193
firma,10193
Jobim,10179
morre,10163
abate,10153
leves,10127
óbvio,10088
nasce,10074
valer,10027
fixar,10022
ficha,10016
fitas,10012
amido,10007
optar,9995
raras,9960
extra,9932
fomos,9920
agudo,9893
fauna,9883
leito,9866
faces,9841
bebês,9830
óxido,9823
ouviu,9822
jogou,9778
presa,9758
ético,9751
aorta,9746
venho,9727
geram,9725
uréia,9678
expõe,9661
sinto,9627
terça,9613
morro,9610
manda,9582
cobra,9564
lição,9521
apóia,9513
Nobel,9495
Jaime,9495
vivia,9495
focos,9489
zinco,9451
viram,9442
fecha,9399
mitos,9394
criam,9376
temor,9350
fraca,9317
detém,9294
bordo,9258
façam,9250
vinda,9240
pagou,9197
séria,9186
salão,9171
pulso,9156
bruto,9118
penso,9109
morta,9101
Couto,9099
urina,9083
barco,9069
beira,9055
exato,9054
fêmea,9042
borda,9037
sexto,9029
picos,9020
atuou,9007
grego,8970
macho,8954
cause,8940
Egito,8926
chapa,8919
laudo,8882
telas,8814
pólos,8786
botão,8732
viria,8702
dedos,8693
couro,8642
natal,8637
metro,8622
jejum,8620
secas,8616
pagam,8605
flora,8509
russa,8502
rodas,8502
santo,8491
Laura,8485
raros,8450
prato,8420
media,8389
acusa,8354
bolso,8327
creio,8314
missa,8304
orais,8290
beber,8278
coroa,8249
parou,8212
autos,8203
serra,8158
bares,8100
votei,8091
neles,8080
fungo,8060
piano,8047
ricas,8035
moram,7971
cação,7908
situa,7892
aveia,7888
tórax,7881
ligar,7870
tomam,7832
grama,7826
matas,7822
supõe,7813
nervo,7789
evita,7747
pegou,7736
usual,7726
adota,7713
misto,7708
exata,7700
urnas,7697
digno,7681
minas,7653
falei,7638
bicho,7634
fórum,7627
frota,7604
túnel,7591
nariz,7589
cinza,7583
sonda,7550
fumar,7543
digna,7532
achou,7529
raiva,7517
sêmen,7506
Diana,7504
aéreo,7440
palha,7440
deixe,7439
vasta,7400
tirou,7349
pedem,7347
grifo,7326
alvos,7315
signo,7305
lance,7288
prima,7270
mista,7269
sacos,7235
imune,7221
ósseo,7190
forno,7188
turnê,7166
nelas,7111
saiba,7077
tropa,7042
monte,7035
vácuo,7018
optou,7009
aluna,6973
caras,6967
óleos,6966
verso,6951
cuida,6948
irmãs,6942
dicas,6907
ópera,6883
grega,6872
gasta,6872
pátio,6867
iriam,6852
casar,6846
caros,6817
úmido,6808
Tomás,6794
posta,6782
caule,6779
farão,6776
sigla,6769
entes,6721
punir,6720
tinta,6683
poros,6670
pesar,6644
etnia,6602
feixe,6597
Lúcio,6577
vivas,6506
pneus,6478
mesas,6466
torne,6447
vilas,6426
latim,6418
depor,6384
Klein,6379
pagas,6376
fatal,6366
abrem,6352
Sônia,6336
bônus,6306
guias,6304
piora,6296
vasto,6278
mútua,6267
canta,6253
ataca,6238
útero,6235
viúva,6223
luzes,6184
afeto,6179
tribo,6156
árabe,6156
obtém,6109
almas,6100
torre,6091
ditos,6078
banca,6068
poços,6061
suave,6006
alega,5974
sobra,5971
usava,5965
donde,5944
durar,5931
ditas,5922
cruel,5910
gatos,5895
bolas,5876
Romeu,5875
cabos,5874
recuo,5849
filas,5847
afins,5839
litro,5823
davam,5818
jogam,5814
Artur,5812
vício,5812
calma,5803
secos,5771
primo,5756
ajude,5745
citou,5745
ceder,5728
viaja,5701
mudam,5694
puder,5672
eleva,5665
tocou,5662
ombro,5662
surto,5622
balão,5614
fizer,5608
Edgar,5602
limpa,5597
afora,5595
treze,5592
rotas,5586
induz,5586
fruta,5568
louco,5566
surdo,5565
corda,5564
moças,5558
Viena,5555
folga,5548
macro,5526
oxide,5506
junta,5503
valia,5501
somam,5500
lendo,5486
clero,5484
saque,5477
achei,5472
leque,5451
atrai,5439
aviso,5433
limpo,5431
senti,5383
trará,5380
lutam,5377
julga,5374
gênio,5363
envia,5344
densa,5342
aonde,5331
mexer,5300
votou,5282
arena,5277
molar,5275
prosa,5269
duras,5257
risos,5251
rocha,5234
testa,5226
trens,5225
diabo,5225
lavar,5225
aquém,5213
circo,5208
axial,5200
judeu,5176
balas,5144
anéis,5118
tosse,5091
saído,5062
range,5059
monta,5038
fugiu,5007
finos,4983
Lauro,4979
lepra,4971
magia,4958
lenda,4957
grito,4938
pasto,4929
deter,4917
caput,4913
lápis,4908
mando,4897
mútuo,4894
adiar,4885
pêlos,4881
praga,4867
fatia,4852
globo,4834
pinos,4833
choro,4830
caldo,4824
volte,4810
barro,4809
gesso,4805
belas,4795
juíza,4794
veias,4786
ritos,4775
máfia,4764
úmida,4697
labor,4685
narra,4666
pausa,4638
finas,4634
mania,4591
Hegel,4586
fecal,4566
netos,4546
lares,4546
aroma,4538
valem,4525
solta,4523
cerne,4518
seios,4509
molho,4502
trono,4478
mercê,4476
ruins,4476
gripe,4476
sutil,4474
pedia,4468
temem,4453
muros,4451
somar,4447
refém,4437
aptos,4430
senha,4427
vazia,4404
santa,4401
recém,4384
adubo,4370
prega,4369
átomo,4359
lente,4301
corta,4288
haste,4285
ânimo,4283
fixas,4271
bando,4256
meias,4245
berço,4244
cauda,4239
jóias,4226
impôs,4215
devam,4213
temer,4211
gotas,4196
capim,4157
Marte,4139
fetos,4136
curar,4128
lenha,4126
creme,4118
caído,4109
cafés,4104
ligou,4101
Ávila,4099
ácida,4092
hábil,4080
manga,4078
quilo,4058
porco,4054
clone,4052
arcos,4030
fogos,4017
Elisa,4000
lagoa,3994
arcar,3954
rombo,3935
cinto,3932
ervas,3930
sueco,3924
gemas,3916
óbvia,3911
cedeu,3905
gerir,3901
plana,3900
citam,3898
êxodo,3890
puros,3859
tidos,3855
negam,3854
pilar,3818
sobem,3813
apura,3804
cloro,3799
tecer,3798
ligas,3797
baile,3790
Síria,3789
cifra,3788
pênis,3769
idosa,3758
lagos,3757
asilo,3734
calça,3725
cólon,3706
altar,3698
cisão,3687
sulco,3678
cerco,3678
ídolo,3678
levem,3670
piada,3653
deixo,3652
suíço,3650
ligam,3647
Golfo,3646
belga,3640
tampa,3638
andam,3634
moles,3629
amado,3616
super,3615
matam,3611
soros,3611
solto,3607
mover,3594
látex,3591
denso,3575
casou,3575
linda,3566
dúzia,3562
regem,3558
duelo,3557
reter,3548
colar,3538
errou,3533
Dario,3527
botar,3520
rompe,3501
lidos,3496
viola,3467
param,3465
selva,3461
inibe,3445
coube,3441
noiva,3437
beijo,3431
valeu,3424
Linux,3411
virão,3405
Lages,3397
fossa,3396
visem,3391
Vegas,3390
tutor,3375
sedes,3361
apego,3348
pouso,3346
setas,3342
sucos,3338
fogem,3334
fêmur,3321
funda,3320
azuis,3310
átrio,3296
prelo,3276
algas,3275
sirva,3264
perca,3258
Borba,3255
sábio,3250
ninho,3247
furto,3246
latas,3244
amada,3233
volto,3228
ícone,3225
pondo,3222
susto,3222
ímpar,3219
lobos,3217
farsa,3212
chute,3206
cabia,3200
conde,3186
ocupo,3181
freio,3181
zelar,3179
vales,3179
modem,3172
frias,3172
traça,3169
salva,3169
vilão,3167
melão,3164
terno,3164
leigo,3163
meros,3160
tocam,3158
alise,3152
olhou,3152
Alceu,3133
nuvem,3133
celas,3124
trate,3114
lavra,3108
molde,3103
dorso,3103
retas,3101
recai,3078
sacas,3073
luvas,3069
aspas,3064
cegos,3060
advém,3058
force,3048
sopro,3048
frios,3038
sabão,3032
velas,3024
fixou,3021
tente,3003
louca,3002
lutou,2995
guiar,2991
errar,2991
manto,2989
atlas,2979
pense,2976
tomem,2974
dobra,2972
lidam,2971
medos,2957
bossa,2955
praxe,2951
anjos,2946
emite,2945
mares,2944
xeque,2927
peste,2924
vulto,2921
recua,2920
puras,2914
delta,2905
abuse,2904
pilha,2901
naval,2897
rende,2891
votam,2878
chato,2877
sonha,2871
chamo,2869
sairá,2862
cabem,2858
astro,2854
desce,2847
pomar,2847
limão,2834
avisa,2831
lábio,2824
palma,2804
Linda,2792
punho,2791
belos,2779
lindo,2771
pizza,2768
garra,2760
unhas,2760
seita,2759
mamão,2752
fenda,2749
Intel,2721
trago,2712
ratas,2707
tidas,2701
tenso,2700
barba,2696
burro,2689
ouvia,2668
inter,2661
Praga,2654
copos,2649
ferir,2645
fugas,2642
darão,2639
calda,2634
nulos,2634
coral,2623
sacra,2618
chora,2605
sutis,2597
sugar,2588
opõem,2584
pular,2574
nicho,2569
vigas,2566
leram,2565
evoca,2563
cesso,2553
calmo,2549
Gales,2548
dorme,2536
régua,2535
adora,2532
abono,2527
surda,2521
fadas,2519
moído,2514
árdua,2512
notou,2509
demos,2508
damos,2508
elege,2499
cromo,2499
grava,2497
sanar,2494
magra,2494
virem,2489
morou,2482
curve,2481
fúria,2481
gordo,2475
sinta,2475
arame,2457
fogão,2451
bulbo,2450
motos,2450
duros,2450
perdi,2446
trave,2441
vossa,2440
expôs,2436
épico,2435
dotar,2434
feriu,2427
tiras,2417
veloz,2417
touro,2416
sadia,2408
capas,2403
troco,2402
unida,2395
vogal,2394
veste,2393
anima,2392
tecla,2389
roças,2386
salta,2384
mamas,2382
puxar,2374
tento,2368
tomei,2365
unido,2361
anais,2355
patas,2355
suíça,2350
rezar,2348
lítio,2348
quota,2343
perua,2342
secar,2341
deusa,2334
furos,2329
pague,2321
dunas,2313
Aline,2306
boate,2305
ruína,2305
grafo,2304
rindo,2302
medem,2298
trava,2295
cruza,2288
rodar,2285
Denis,2282
gozar,2275
índia,2267
torta,2257
frete,2256
ciúme,2254
acabe,2252
farei,2252
tiram,2247
barão,2244
papai,2237
rosas,2226
larva,2225
meter,2224
robôs,2221
culta,2220
grife,2216
mural,2214
genro,2214
rasos,2213
dance,2209
andou,2209
traga,2201
malas,2199
tíbia,2197
rampa,2192
magro,2185
ânsia,2182
cofre,2180
hiato,2171
Euler,2169
vigia,2166
limbo,2166
pudor,2165
darem,2162
versa,2162
doado,2154
selos,2149
grita,2142
armar,2140
maçãs,2140
forme,2137
mamãe,2133
girar,2129
lidas,2124
repor,2122
rolar,2122
cabra,2118
farta,2115
comem,2112
radar,2108
serei,2105
rouba,2099
capta,2096
temia,2080
sadio,2080
cones,2079
polar,2077
calar,2075
banal,2071
vejam,2071
canoa,2060
quite,2059
deveu,2054
suíno,2044
esqui,2044
prole,2033
bolha,2029
serie,2027
ouvem,2017
lisas,2015
tédio,2010
abria,2006
pinta,1999
noivo,1998
terei,1997
tênue,1997
saíam,1994
bonde,1991
teles,1986
horta,1985
Bangu,1984
botas,1980
nadar,1978
tábua,1970
pódio,1960
movem,1950
batem,1949
moção,1947
pixel,1943
anexa,1937
tensa,1936
supra,1932
suína,1928
senta,1923
Érico,1922
lombo,1918
sogro,1915
anula,1914
banha,1913
árduo,1912
folia,1908
ienes,1904
bingo,1902
feroz,1899
pulou,1895
evite,1894
somas,1885
vetar,1880
zeros,1879
caçar,1876
sacar,1875
bicos,1875
peles,1872
visou,1864
mosca,1859
pardo,1849
bravo,1849
trevo,1848
lousa,1843
digam,1829
dogma,1828
porão,1828
louça,1823
sogra,1819
acabo,1813
fisco,1811
ganhe,1806
provê,1803
datam,1803
Babel,1800
parda,1793
bambu,1793
lemos,1792
sueca,1786
aptas,1785
poste,1785
Vênus,1782
alças,1773
frear,1772
aliar,1772
meras,1762
tenor,1758
comeu,1754
racha,1751
apela,1745
Bagdá,1741
fosso,1738
calos,1738
peões,1736
donas,1735
Argel,1734
fuzis,1732
facas,1731
vagos,1723
copas,1714
risca,1707
tango,1706
oliva,1704
nudez,1699
conte,1699
mande,1696
forro,1688
camas,1686
gorda,1679
nasci,1678
crivo,1677
verem,1671
ronda,1670
Darci,1669
trote,1669
pesam,1668
libra,1668
adeus,1657
somou,1653
grana,1651
jatos,1650
rente,1647
tetos,1645
levei,1640
envie,1638
acena,1636
adiou,1634
giram,1631
servo,1626
panos,1625
silos,1622
solda,1621
educa,1619
âmago,1618
duram,1618
amava,1616
Édipo,1613
lenço,1608
sócia,1604
porem,1603
turco,1599
optam,1599
nisto,1598
olham,1598
éguas,1587
adote,1584
moída,1581
depõe,1579
pavor,1579
duque,1572
broca,1568
farol,1565
coxas,1563
crêem,1557
bocas,1555
sumiu,1551
toras,1546
retos,1546
saias,1545
vaias,1543
pinça,1539
focar,1531
colas,1531
lajes,1531
grata,1530
batia,1530
enche,1530
casco,1525
pulse,1524
varas,1521
chego,1521
lapso,1520
adoro,1518
feras,1517
germe,1516
cacho,1516
roles,1509
vosso,1505
saiam,1502
sorri,1500
baias,1493
fardo,1491
cessa,1491
depôs,1488
funil,1487
açude,1484
loira,1479
dreno,1475
edita,1475
imita,1471
marés,1470
exija,1469
pegam,1467
reina,1465
criem,1464
gleba,1463
comia,1460
usará,1459
gados,1458
Verbo,1457
ágeis,1450
potes,1444
acesa,1443
fluir,1442
prove,1442
inata,1441
julgo,1437
atuem,1436
tinto,1433
tenda,1428
casta,1421
ponha,1416
puxou,1416
táxis,1409
sofra,1407
monge,1406
cosas,1404
credo,1398
reger,1397
telão,1394
grato,1390
óvulo,1390
vagem,1387
corno,1385
punha,1382
Ester,1382
dutos,1380
besta,1380
anime,1379
vetou,1378
nodal,1377
pisar,1373
agido,1371
bruxa,1370
gozam,1370
apaga,1361
leões,1361
edite,1359
advir,1359
nulas,1353
torce,1349
cairá,1349
alude,1347
fuzil,1345
macia,1344
boato,1337
balde,1336
abalo,1332
adere,1329
quiçá,1328
leiga,1328
farra,1327
atira,1326
hinos,1322
trios,1321
calha,1319
servi,1318
galos,1318
visar,1317
traje,1313
moços,1313
chove,1312
foros,1311
cegas,1305
ditar,1299
bolos,1298
chata,1297
régia,1296
seiva,1292
Neusa,1284
guisa,1279
trace,1276
cravo,1274
Alpes,1273
fobia,1273
lasca,1272
emana,1270
molas,1270
ousar,1270
ferem,1269
anões,1268
dotes,1267
brava,1265
chuta,1265
débil,1252
diodo,1245
comes,1244
curas,1242
notes,1237
cansa,1233
colhe,1232
xerox,1232
galho,1232
épica,1231
caber,1227
cubos,1225
ergue,1225
ardor,1224
ácaro,1223
linho,1222
sujas,1222
Gauss,1221
Átila,1221
clama,1220
minar,1218
motel,1216
blusa,1212
couve,1212
balsa,1206
talão,1205
urine,1198
gueto,1196
pique,1196
pompa,1195
retém,1194
farto,1192
rolos,1191
visse,1189
órfãs,1187
busto,1187
vença,1186
coeso,1185
farda,1184
sábia,1184
copia,1178
gíria,1172
paira,1169
botou,1169
subia,1168
tigre,1168
sinos,1166
quina,1163
parei,1161
persa,1159
bunda,1158
fecho,1158
furar,1155
ótico,1149
úrico,1148
rimas,1146
geada,1142
merda,1142
tório,1138
revés,1133
Berta,1131
tapar,1128
entro,1128
turbo,1127
golfo,1126
modas,1124
pesem,1122
órfão,1121
choca,1120
platô,1119
obeso,1117
íamos,1114
votem,1101
ameno,1101
manos,1100
filão,1099
mudei,1099
furor,1094
falho,1093
estás,1092
files,1087
socos,1086
abala,1085
miolo,1084
telha,1084
cursa,1083
salsa,1082
mulas,1080
seduz,1078
nexos,1074
opina,1073
poupa,1073
covas,1072
beija,1070
posar,1069
soldo,1068
prego,1067
Évora,1064
veria,1064
ovais,1063
hindu,1063
doada,1061
fixam,1060
mágoa,1059
sujos,1056
arado,1055
gruta,1054
verme,1053
rugas,1048
judia,1046
lisos,1046
foice,1040
pesou,1040
cunha,1039
haras,1038
falem,1036
moveu,1034
seara,1031
torto,1029
mexeu,1026
Morse,1025
crias,1023
brejo,1022
mediu,1020
lunar,1020
omite,1019
isola,1019
matos,1017
naves,1017
Aarão,1016
leais,1012
tenra,1010
doido,1010
burra,1009
magna,1007
busco,1005
baila,1004
menus,1003
parti,1002
bário,1001
papas,999
graxo,997
finge,996
jogue,994
névoa,994
anota,993
nutre,986
opaco,986
inova,983
armou,982
facão,981
apito,980
viúvo,979
odeia,979
cedro,979
bebem,977
légua,974
frade,971
vagão,971
Berna,970
ereto,968
frevo,967
dirão,967
gerem,964
saúdo,961
tirei,957
bonés,953
plane,952
canos,952
findo,948
valsa,948
cacos,948
ligue,947
ereta,946
damas,946
bebia,944
teias,937
agita,937
coesa,936
páreo,936
macio,934
manta,930
cesto,930
valha,929
rasas,925
iscas,925
meteu,924
radio,922
surja,922
bagas,917
brota,914
rosca,913
fugaz,913
turca,911
selar,909
rumor,904
zerar,903
darei,901
migra,899
taxar,898
forca,897
brisa,896
árido,895
ocupe,895
levas,892
livra,892
viera,892
optei,891
agiam,891
dueto,890
águia,890
tesão,886
cocos,885
laico,885
sabes,884
loura,884
rolou,884
vivam,882
bebeu,881
mogno,881
fumam,881
lanço,877
funde,877
ronco,877
onças,875
frita,873
direi,873
lixão,871
prece,871
sigam,870
topos,868
trair,866
sumir,865
sauna,862
fugia,859
inato,856
chame,856
matem,855
goste,855
vibra,854
brasa,849
filma,849
ousou,849
citei,847
banir,846
frito,844
palmo,844
cupom,843
veado,843
húmus,839
tocha,838
taipa,838
batom,832
pedal,831
louro,827
gêmeo,825
laica,821
olhei,821
rezas,817
hélio,813
oásis,813
morna,813
pinga,810
caiam,806
deduz,804
abram,800
lucra,798
miúdo,797
ouros,797
sanha,796
broto,795
caças,795
ocaso,794
sacou,792
leiam,791
infra,790
refaz,790
velar,788
sopas,786
povão,785
casam,785
aceso,784
álibi,782
sírio,781
baião,781
raias,781
licor,779
valas,777
opaca,777
sedia,769
hajam,768
Saara,768
tumba,768
pivôs,767
pegue,767
afete,765
abusa,764
mudos,764
polis,763
cuide,763
criei,763
supre,763
istmo,762
duais,761
sofri,760
guiam,759
fosco,755
pente,754
amena,752
barca,749
reler,747
maços,747
notei,747
falte,744
patos,744
tombo,742
dista,741
itera,740
chaga,740
tecem,739
pinto,738
becos,738
Érica,735
caída,730
acolá,729
tapas,727
pluma,727
VARIG,725
bocal,724
nozes,724
morra,723
vulva,722
feche,722
sapos,722
surra,721
apóie,720
âmbar,719
curvo,718
aluga,718
movia,717
natos,716
sacro,714
sutiã,714
talco,714
vagar,713
Lenin,712
ódios,712
ninfa,712
cedem,709
cinta,708
corra,708
cavar,708
opere,706
voraz,706
lides,705
plebe,701
vodca,701
liceu,700
pazes,700
parem,700
teceu,698
fútil,696
porca,693
rublo,693
áurea,692
graxa,690
legou,690
segui,689
limas,685
ultra,684
matiz,680
pires,680
cerda,677
lerem,676
viril,674
exime,674
zebra,673
cocho,672
molda,672
garfo,670
régio,668
derem,668
bulas,668
latão,666
negue,666
lenho,665
faliu,664
traiu,664
poses,663
algoz,661
multi,658
aloca,658
mudem,656
vulgo,655
bicha,655
menta,653
sitio,652
fluem,648
azedo,647
virei,647
frisa,646
musas,644
podas,643
abade,643
casei,642
cueca,642
girou,641
parta,641
rodou,640
pomba,638
rudes,634
ítens,634
baías,634
coito,634
armam,633
bodes,633
cetim,631
manso,629
dique,627
onera,624
cosmo,624
bazar,624
tarda,621
dilui,620
aceno,619
brita,618
ditam,618
giros,618
seixo,612
tarja,612
tampo,609
reúna,608
orgia,608
magos,607
erram,606
ranço,605
forja,605
poças,605
ávido,604
magno,603
podes,603
pisou,601
rouca,599
raspa,599
antro,598
finda,598
perco,597
dosas,596
acata,594
tenaz,593
axila,591
sigma,590
vazou,590
sopra,590
salve,590
sótão,587
cruas,586
adido,584
gaita,583
sujar,583
somem,582
pinha,581
morno,581
posou,581
lebre,579
pipas,579
ovino,579
nadas,577
preza,577
halos,575
dosar,574
rapto,571
goela,571
custe,571
prime,570
tricô,569
lesar,568
mansa,568
fones,567
remos,567
míope,566
Chica,564
hífen,564
marra,564
mamar,563
pende,562
salga,560
sofás,560
caíam,560
alçar,559
áureo,554
lotou,553
troço,553
odiar,553
xisto,551
milha,550
lusos,549
feias,548
dardo,545
taças,545
carpa,544
saúda,544
posam,540
apóio,539
decai,538
apuro,538
talos,537
saíra,536
mirar,534
reviu,533
dúbia,533
senda,532
jurou,532
ileso,532
bobos,529
deita,528
vazar,527
ursos,525
andei,525
burla,524
magma,524
porra,524
herda,522
notam,521
jaula,521
pilão,520
loiro,520
viaje,519
terna,518
rezam,517
varie,515
assaz,514
capuz,514
baque,514
maçom,513
cubra,513
ponho,513
verse,510
lotar,510
teima,510
venal,508
janta,505
morei,505
usura,504
ecoar,500
incas,498
junte,498
pagão,498
canas,497
maria,496
dates,495
árida,495
vague,495
mexem,494
xiita,493
friso,492
micos,492
curte,492
pasmo,489
reuni,489
priva,489
bodas,488
feios,488
caiba,487
aliou,487
catar,485
vendi,485
reste,484
cavas,483
ralos,483
parir,482
gumes,481
jurar,481
domar,480
irmos,479
brado,477
ficas,476
olhem,476
odeio,475
árias,474
pecar,472
puxam,472
arara,469
torpe,467
Kazuo,467
Argos,465
ducha,465
aliam,464
doida,464
miúda,464
bamba,463
lemas,462
goles,461
sílex,460
tirem,460
naipe,460
riais,459
lonas,459
borra,458
rósea,458
vadio,457
tacos,457
morde,457
refez,457
vênia,456
repõe,456
botes,455
eleve,452
tecle,451
gêmea,449
liras,449
pampa,448
reses,447
lotam,447
tonto,447
perus,447
radia,446
fumou,446
toada,445
relva,444
anzol,444
tocas,442
regia,442
cobro,441
topou,441
cassa,440
rifle,439
figos,439
durmo,438
truta,436
canja,434
corri,434
penca,433
guiou,432
serva,432
adega,431
selou,431
dúbio,431
ávida,431
ousam,431
pulga,430
manha,430
cipós,429
mexia,429
ouçam,429
logra,428
lesse,427
bruxo,426
corro,426
cisma,426
lilás,426
tolos,425
prumo,423
apure,423
forra,423
ateus,422
cupim,421
cisne,421
rendo,421
lorde,421
obvio,421
escoa,420
paulo,419
feudo,418
múmia,418
gomas,417
abafa,417
turva,416
horda,415
nafta,414
sarna,413
rolha,411
Cátia,410
obesa,409
gaste,409
rodam,408
polvo,408
benzo,404
cante,404
coros,403
caíra,403
enjôo,403
sales,403
errei,403
pingo,401
baita,400
turba,400
maias,398
poria,398
agito,398
talha,397
cuido,397
favas,396
ardil,396
rolam,396
assar,394
soava,394
dormi,394
pulos,393
treme,392
feria,391
calou,391
grilo,390
fusos,390
checa,390
netas,389
pudim,389
tufão,388
harpa,388
pagãs,388
bóias,388
fôrça,386
meada,386
secou,386
ruiva,386
celta,385
ajudo,384
noras,382
meiga,381
ostra,380
anote,378
corvo,378
furta,377
lavou,377
puniu,375
logro,375
urubu,374
varão,371
cesse,371
roxas,369
tosco,369
picar,367
focam,365
lavam,365
voava,365
faina,364
situe,364
ceras,364
atado,364
colou,364
tacho,363
chalé,363
pinho,362
cetro,362
ganso,362
varre,361
benta,360
datar,358
ecoam,357
pulam,357
poção,356
peçam,356
gambá,356
garis,355
bromo,355
rompa,355
digne,355
Linus,355
porre,355
furou,355
púbis,354
uniam,354
sunga,354
rezou,353
tetas,351
ginga,351
curam,351
ânodo,350
trena,350
mário,350
andor,350
rasgo,350
adiam,349
polca,348
tosca,348
bemol,347
treva,347
gesta,346
lacre,344
puxão,341
sabre,341
matei,341
vicia,340
brabo,340
torra,339
pousa,339
rasga,338
falir,338
beato,337
infla,336
curou,335
ripas,334
viajo,333
torço,332
ditou,332
louvo,332
pavio,332
gorro,332
blefe,331
jarra,331
filia,330
preze,329
silva,328
sofro,328
lutei,328
moela,327
clips,326
exala,326
botei,326
achem,325
dobre,325
mouro,324
vedar,324
róseo,324
sebos,323
jegue,323
irado,322
aloja,322
alado,322
jarro,321
topar,321
brios,321
vinga,320
remar,319
cedia,318
unção,318
supôs,318
pulsa,315
aguas,315
audaz,313
suado,313
ábaco,312
expus,312
nasça,312
atear,312
sósia,312
ilude,312
moita,309
zíper,309
braba,308
turvo,308
reles,308
vaiar,307
morri,307
escol,307
jorro,307
purga,306
pariu,306
coçar,304
macas,304
babás,302
legar,301
esvai,301
sagaz,300
bueno,299
favos,299
raiar,299
riram,298
fruir,297
paras,296
temeu,296
agirá,295
síria,294
cubas,294
pombo,294
facho,293
sedas,293
paste,291
citas,290
ferve,290
Dácia,289
cioso,289
murro,288
reaja,288
eteno,288
ninar,288
rixas,288
baixe,288
subam,285
liame,285
metia,285
louva,285
parca,284
toldo,283
achas,283
hímen,282
divas,282
fujam,282
metem,280
fazes,280
potro,280
regeu,279
apita,278
venci,278
coxim,277
riste,277
tatus,276
caçam,275
sesta,273
deves,272
Esopo,272
douto,272
douta,271
pecou,271
pavão,269
gomos,268
bosta,268
mimos,267
xinga,266
Éfeso,265
bolão,265
gozou,265
lesma,264
lidou,264
corar,264
tanga,264
trenó,263
tomba,262
optem,262
bicas,261
linfa,260
nódoa,260
ecoou,260
alhos,260
horto,260
susta,260
alada,260
parco,259
dante,259
lírio,259
antas,259
boina,258
totem,257
Rouen,256
vaiou,255
Malba,255
touca,255
nitro,254
moves,254
tonta,253
bumbo,252
sento,252
tupis,251
funis,251
vária,251
lixas,250
avais,250
ruivo,250
alias,249
garoa,248
animo,248
jorra,248
sejas,248
iluda,247
beata,247
punem,246
focas,246
roçar,246
foste,246
docas,246
canga,246
vespa,245
creia,245
serás,245
aguça,245
nadam,245
fiado,245
tapes,244
jazia,244
cervo,244
lulas,243
pores,242
taxes,242
focou,242
emita,241
bardo,239
povoa,238
venta,238
secam,238
desça,238
mores,237
carão,237
mirra,236
césio,236
pecam,236
exijo,236
chova,236
apega,235
rojão,235
glosa,235
calam,235
roxos,235
dotou,235
demão,234
jazem,234
desci,234
enfia,232
corto,232
eleja,232
tripa,231
oxido,229
truco,229
teres,229
Edite,229
azeda,229
traem,229
baniu,229
galão,228
lutem,228
fixem,228
vivaz,228
harém,228
afina,227
solte,227
bruma,227
loção,226
mecha,226
rumou,225
drena,225
botam,225
juram,224
lusas,223
minam,223
freia,222
colha,221
titia,221
oxida,220
caves,220
solas,220
forço,220
regar,219
pegas,219
canso,219
pirão,219
intui,219
rouco,218
iates,218
alçou,217
abole,217
china,217
juras,217
rubro,217
gatas,217
meigo,216
bucha,216
anule,215
obsta,215
fosca,214
lupas,214
insta,214
minis,214
taras,214
sugam,214
papos,214
birra,213
burgo,213
ponde,213
duela,213
polir,212
Abner,212
tonel,211
afago,211
luxos,211
siris,210
dizes,210
pesas,210
afegã,210
arder,210
fieis,210
atada,209
ermos,209
andem,208
clava,207
sagas,207
negão,207
serio,207
podar,207
gemer,205
junco,204
ardia,203
locar,203
ágata,203
garça,202
cumes,201
ceias,201
ateou,200
trema,200
amara,198
capes,198
copie,198
neném,198
croma,197
cisco,197
evito,197
berro,197
rubra,197
etano,196
baste,196
atuei,196
ateve,196
atire,195
mudez,195
viela,195
berra,194
comam,194
guris,193
cuíca,193
causo,193
incha,193
elegi,192
vesti,192
prezo,191
volve,191
cacto,191
zomba,191
ceifa,190
gongo,190
calvo,190
bufão,189
casto,189
irada,189
igapó,188
talho,188
molha,188
zumbi,188
exiba,188
titãs,188
numas,188
pisam,187
pisca,184
paire,184
rédea,183
sifão,183
ciosa,183
areal,183
cavam,183
manas,183
lavas,182
suada,182
avise,182
ancas,181
amora,180
saúva,180
draga,179
dedão,179
afros,179
ardis,178
troça,178
corja,178
minou,178
bílis,177
fluiu,177
safar,177
chore,177
putas,176
vagam,176
arcam,176
saram,176
ímpio,175
travo,174
salmo,174
durma,174
trapo,174
cegar,174
despe,173
punia,172
fedor,172
adoto,172
espia,172
bolar,172
vicio,172
musgo,171
urgia,171
beque,171
finca,171
nadou,171
adaga,170
ogiva,170
surte,170
fomes,170
tolas,170
prado,169
tecia,169
pomos,169
breca,169
vetam,169
traía,168
talhe,168
viris,168
puser,167
sitos,167
rumar,167
coice,167
timão,166
terás,166
verei,166
bagos,166
ralar,166
átona,164
verás,164
lábia,164
bocha,164
alaga,163
panda,163
fofas,163
ilesa,163
sarar,163
alvas,162
espiã,162
gozem,162
renas,161
Emaús,161
manca,161
brada,160
ágios,159
acate,159
estio,159
bobas,159
sirvo,159
neves,158
rogar,158
tiara,158
viole,158
apara,157
iniba,157
quita,156
tinas,156
Alair,156
honre,155
cúria,154
opala,154
afoga,154
morem,154
meçam,154
deres,154
bolou,154
mirou,154
coifa,153
melar,153
cospe,153
unirá,153
batel,152
fluía,152
monto,151
gruda,151
lesam,150
ébano,150
ésimo,150
zelam,150
lerdo,150
chiar,150
fofos,149
ladra,148
Kioto,147
fazei,147
rimos,147
fores,146
falhe,146
verte,146
ative,146
trais,146
colhi,145
lótus,145
titio,144
arcou,144
freou,144
sujam,144
usara,144
cuias,143
gemia,143
regas,142
andas,142
asses,142
acuse,141
moura,141
crina,140
arcas,140
movam,139
ruido,139
viste,139
bucho,139
recue,139
garbo,139
baços,138
piche,138
pinte,138
tolhe,138
limpe,138
sépia,137
peras,137
guria,137
lauda,137
opino,137
fitou,136
manco,136
poupe,135
latir,135
menti,135
voado,135
catre,134
rasto,134
rimar,134
bebes,134
entoa,133
pasme,132
coíbe,132
monja,132
finta,132
vazam,132
reine,132
Acker,132
leria,132
banjo,132
selas,132
oxalá,131
minto,130
aftas,130
crava,129
vadia,129
seque,129
paute,129
rezei,129
encha,128
afiar,128
rotos,128
chupa,127
chegá,127
rajas,126
volvo,126
fados,126
fumei,126
biela,126
calva,126
acuda,126
punam,125
golas,125
trajo,125
cinde,125
Algol,125
suava,125
ébrio,124
cozer,124
tição,124
arpão,124
gozos,124
piore,123
roube,123
auras,123
capte,123
gabar,122
casso,122
lince,122
culpo,122
edito,122
valho,122
borde,121
hunos,120
sonhe,120
cavou,120
uivos,120
quepe,120
pedis,120
zerou,119
sumia,119
braça,119
notem,119
arque,119
brigo,118
rubis,118
ameba,117
erres,117
toros,116
gemeu,115
polia,115
digas,115
batam,115
acuso,114
senos,114
doído,114
cujus,114
logre,114
vilãs,114
passá,113
grite,113
soais,113
velam,113
caspa,113
ágape,112
ésima,112
ousei,112
tires,112
omita,112
multo,112
lerei,111
romãs,111
araçá,111
coçou,111
pança,111
colam,111
ronca,110
rifas,110
enjoa,110
furam,110
gamão,109
vagou,109
bicar,109
coser,109
urros,109
calço,108
faças,108
puxei,108
tenro,108
xucro,108
rabos,108
bahia,107
reagi,107
salte,107
guizo,107
testo,107
curse,107
previ,107
cútis,106
verga,106
rusga,106
danço,106
Órion,106
penar,106
cerol,105
fitar,105
nutro,105
varou,105
rufar,105
rumam,105
mines,105
cerro,105
afere,105
trufa,104
maças,104
pulei,104
cruze,104
varar,104
atéia,104
ígnea,104
cílio,104
lidem,104
rirem,104
autua,103
laçar,103
asnos,103
zanga,103
firam,103
trova,103
atine,103
peque,103
lixar,103
desço,103
átono,102
doava,101
anciã,101
casse,101
liste,101
corou,101
ajudá,100
munir,100
checo,100
sacia,100
sismo,99
chico,99
jurei,98
malta,98
valos,98
molhe,98
nesga,98
saxão,98
socar,98
vesgo,98
soará,97
clamo,97
topei,97
afixo,97
cedam,97
assis,97
surta,96
nevar,96
fujão,96
choça,96
lhama,96
beiço,96
atura,96
topam,96
temam,96
apena,95
anelo,95
boldo,95
avaro,95
imite,95
tacar,95
lambe,95
talas,94
ufano,94
atiça,94
brevê,94
trina,94
ítalo,94
isole,94
lerão,93
brote,93
acode,92
durem,92
grafa,92
selam,92
nacos,92
rijos,92
miram,92
soado,92
hiena,92
hulha,91
roque,91
torça,91
farás,91
mates,91
cerra,91
obvia,91
miras,91
mexam,91
dubla,90
abale,90
coado,90
rezes,90
mitra,90
afaga,90
sujou,90
içado,90
iceis,89
pônei,89
fumem,89
orlas,89
fuçar,89
falto,89
bujão,89
cucos,88
frite,88
doará,88
fiapo,88
vendê,87
acato,87
sacam,87
casem,87
gibão,87
aliem,87
exigi,87
repôs,87
japão,86
vinco,86
releu,86
vedam,86
gosma,86
magoa,85
apele,85
coram,85
contá,85
odiou,85
deito,84
caçou,84
vives,84
Dafne,84
xérox,84
supus,83
oporá,83
leoas,83
agira,83
Peano,83
cinge,83
anoto,83
vedou,83
disca,82
ardem,82
pasma,82
galas,82
judas,82
boiar,82
símio,81
babar,81
gnomo,81
azoto,81
citem,81
rides,81
mamou,81
malho,81
lesou,80
rapta,80
penou,80
abano,80
avelã,80
grude,80
orava,80
furna,79
sulfa,79
bates,79
foras,79
uivar,79
ruela,78
viuva,78
atuns,78
foles,78
dotam,78
reata,77
cidra,77
zonzo,77
coíba,77
ornar,77
pisei,77
gamos,77
fluam,77
finjo,77
emula,76
orçar,76
doída,76
abana,76
cotar,76
danem,76
treta,75
metam,75
floco,75
revia,75
Acaia,74
situo,74
opine,74
legas,74
calca,74
relia,73
aldeã,73
bules,73
féria,73
remir,73
atiro,73
votes,73
papão,73
aviar,73
varam,73
couto,73
fresa,73
cegou,73
gelos,73
gelar,72
enchi,72
peita,72
taque,72
sobro,72
torci,71
natas,71
guiem,71
assai,71
cardo,71
ferra,71
culpe,71
picão,70
porei,70
luzir,70
álamo,70
carpe,70
adore,70
piava,70
comas,70
finja,70
migre,69
acuar,69
tacha,69
tampe,69
rogos,69
selim,69
deite,69
tapou,69
raiou,69
miado,68
ganhá,68
omega,68
tomas,68
fixei,68
provo,68
girem,68
xales,67
picam,67
corça,67
lavei,67
tombe,67
chuto,67
quedo,67
geria,67
vaiam,66
pifou,66
picou,66
tardo,66
rompi,66
pisco,66
vedes,65
rales,65
aires,65
sarou,65
anglo,65
formo,65
emiti,65
silvo,65
sugou,65
tabas,65
agite,65
lagar,64
canse,64
bebam,64
cures,64
exile,64
limar,64
bento,64
apare,64
rijas,64
mamam,64
dilua,63
bisão,63
evade,63
içada,63
gravo,63
cuidá,62
onere,62
untar,62
fauno,61
ígneo,61
vigie,61
farpa,61
soles,61
vinde,61
sujei,61
anexe,61
ralas,61
olhai,60
morsa,60
moras,60
aludi,60
pecas,60
pedes,60
roído,60
sorvo,59
aviva,59
lerda,59
zeram,59
vente,59
minta,59
paris,58
anuir,58
nenês,58
êmulo,58
caiar,57
adiem,57
taxam,57
bóiam,57
frise,57
sorve,57
broas,57
cismo,57
aflui,57
geriu,57
foque,57
tesos,57
coada,56
parvo,56
calem,56
ousem,56
trepa,56
treco,56
apear,56
unira,56
pedro,56
impus,56
colho,56
cobri,56
morse,56
veres,56
batas,56
tremo,56
pensá,55
voltá,55
alisa,55
bicam,55
babas,55
catam,55
fisga,55
alces,55
regue,55
exila,55
dites,55
argúi,55
picas,55
nevou,55
ardeu,55
deixá,54
togas,54
furão,54
coçam,54
sonso,54
reúno,54
freie,54
urdir,54
bulir,54
alçam,54
dedal,54
honro,54
galga,54
sitas,54
nutri,54
rendi,54
suais,54
meião,54
vesga,54
taxou,54
ferva,54
exuma,53
amais,53
ninas,53
provi,53
nardo,53
sanou,53
janto,52
luzia,52
rimam,52
focai,52
colem,52
tinir,52
gerai,52
narro,52
abata,51
doure,51
rogou,51
chamá,51
alugo,51
beije,51
apeou,51
rugir,51
arada,50
lacra,50
ungiu,50
patuá,50
vovós,50
ditem,50
pagem,50
medra,50
nutra,50
alves,50
penam,49
vinca,49
mijar,49
melro,49
avara,49
lidei,49
sebes,49
remam,49
quede,49
bique,49
sagra,49
alija,49
lotai,49
rogue,49
trazê,48
curti,48
gelou,48
rezem,48
dopar,48
rodei,48
traia,48
rocas,48
fende,48
fixes,48
atina,48
beiro,48
pesco,47
ímpia,47
amará,47
orcas,47
calho,47
crede,47
amaro,47
becas,47
pelar,47
vires,47
dumas,46
xingo,46
filio,46
escoe,46
tíbio,46
evoco,46
ornam,46
acene,46
ungir,46
catou,46
elejo,46
fedia,46
ateia,46
buscá,45
choco,45
latem,45
cucas,45
babão,45
reajo,45
vibre,45
lavem,45
locas,45
rodos,45
cruzo,45
doíam,45
filmo,45
traze,44
traja,44
lemes,44
tapam,44
chiou,44
elmos,44
doara,44
sopés,44
errem,44
latia,44
mofar,44
capar,44
venço,44
rifar,43
ceara,43
doura,43
jazer,43
andes,43
fiava,43
bigas,43
zelem,43
aderi,43
colhê,42
rolas,42
trota,42
zelou,42
odeie,42
moais,42
jesus,42
jorge,42
sarça,42
mixto,42
ceará,42
círio,42
sopre,42
gabam,42
entrá,42
patim,42
cantá,42
famas,42
adoça,42
curei,42
ronde,42
omiti,42
emane,42
socas,41
vovôs,41
bolei,41
exibi,41
rogai,41
prive,41
darás,41
tremi,41
apago,41
limes,41
armes,41
aguar,41
tróia,40
enoja,40
safou,40
arfar,40
iludo,40
roçam,40
fingi,40
coxos,40
picha,40
chica,40
cindo,40
datou,40
sonsa,40
gemem,40
marta,39
rosna,39
coeva,39
sorva,39
bretã,39
peido,39
dália,39
ufana,39
morrê,39
jarda,39
aloés,39
refiz,39
voará,39
bauru,39
exima,39
ataco,39
putos,38
regam,38
brida,38
datem,38
filar,38
adira,38
roída,38
sinas,38
gerei,38
sonos,38
cries,38
saido,38
salda,38
bufou,37
omito,37
pumas,37
nabos,37
benze,37
tapão,36
folgo,36
tantã,36
socou,36
tomai,36
masca,36
figas,36
catas,36
fedem,36
olhas,36
fitam,36
finde,35
bulia,35
calei,35
cegam,35
xelim,35
rodem,35
mandá,35
asile,35
calas,35
suste,35
enfio,34
ejeta,34
atola,34
dirás,34
afixa,34
fumes,34
morda,34
cagar,34
blefa,34
educo,34
anela,34
paria,34
sarem,34
locou,34
louve,34
latiu,34
melou,33
óbolo,33
chupe,33
rumem,33
danar,33
lesem,33
somei,33
basto,33
barre,33
ouves,33
souza,33
velou,33
ergui,33
atava,33
dançá,32
tratá,32
domou,32
roçou,32
babam,32
raspe,32
furte,32
abeto,32
Épiro,32
ireis,32
estai,32
ferre,32
bambo,32
tolha,32
sorta,32
chiam,32
opões,32
mimar,32
papou,32
erode,31
odiei,31
clame,31
búzio,31
rugia,31
anuiu,31
soque,31
urrar,31
encho,31
acabá,31
dotem,31
cites,31
tache,31
podam,31
colei,31
dares,31
boiei,30
atraí,30
ázimo,30
fales,30
ibero,30
negas,30
orçou,30
sumam,30
ergam,30
antão,30
armem,30
copio,30
limpá,29
trino,29
catei,29
gozei,29
rugiu,29
virás,29
redil,29
serro,29
expia,29
sarda,29
papei,29
filie,29
forje,29
serre,29
resma,29
teimo,29
assem,29
vario,29
argui,29
comei,29
papar,29
surgi,29
zonza,28
acuou,28
oitão,28
fujas,28
jecas,28
vibro,28
coevo,28
mugir,28
sarei,28
adiei,28
fátuo,28
volva,28
atuai,28
assas,28
supri,28
aparo,27
imito,27
armei,27
rogam,27
tomes,27
firmo,27
mirem,27
assam,27
obste,27
exara,27
areja,27
juntá,26
orado,26
cosia,26
freme,26
nadei,26
vazem,26
cuspo,26
inibi,26
opero,26
pulem,26
cotes,26
narre,26
listo,26
grifa,26
cívil,26
crido,25
murar,25
fervo,25
beire,25
quipá,25
sacis,25
ralou,25
caçoa,25
pesei,25
urino,25
curem,25
temes,25
teçam,25
penda,25
asila,25
mordo,25
cedes,25
lucre,25
zerem,25
grafe,25
nauta,25
risse,25
ateis,24
eximo,24
gonzo,24
pouse,24
chefa,24
sumas,24
cuspi,24
urram,24
jejua,24
traio,24
mijou,24
lácio,24
forre,24
riria,24
inove,24
gagos,24
bolam,24
herde,24
assou,24
vejas,24
sujem,24
fundi,24
aluda,24
tacou,24
urgir,24
locam,24
uivou,24
petiz,24
sudão,23
hurra,23
caido,23
imola,23
vedas,23
burle,23
lenga,23
afobe,23
olhes,23
urrou,23
abati,23
rimes,23
lopes,23
dizei,23
eiras,23
tacam,23
locai,23
amola,23
enojo,22
zarpa,22
perdê,22
poupo,22
mordi,22
crema,22
feder,22
gorou,22
babou,22
ameça,22
botem,22
erija,22
cuspa,22
regou,22
remou,22
capto,22
premo,22
heras,22
ameia,21
gostá,21
brama,21
giras,21
davas,21
pifar,21
poncã,21
adida,21
panca,21
inala,21
reavê,21
furei,21
gazua,21
cubro,21
atido,21
elevo,21
puxem,21
bufar,21
vexar,21
jante,21
enfie,21
minem,21
sitia,21
brigá,21
brins,21
falda,21
fendo,21
douro,21
etilo,20
amole,20
zunir,20
magoe,20
ribas,20
tussa,20
gomes,20
urgiu,20
corôa,20
anulo,20
irias,20
ralam,20
uivam,20
tosar,20
leses,20
ecoem,20
querê,20
ladro,20
tinam,20
tirai,20
coles,20
foges,19
afogo,19
aceto,19
mirei,19
galgo,19
proas,19
guiei,19
rolei,19
funga,19
varra,19
furem,19
cotou,19
sanas,19
freta,19
afine,19
relês,19
teime,19
plota,19
fruem,19
fitei,19
rolem,19
ditei,19
andré,19
cisca,19
gajos,19
voara,19
enchê,18
egito,18
pescá,18
rifou,18
vingo,18
cales,18
legam,18
gabou,18
ralha,18
crave,18
gorar,18
emito,18
vetei,18
mogol,17
vazas,17
alvor,17
girei,17
viuvo,17
espio,17
aterá,17
chupo,17
revir,17
aduba,17
rapou,17
adula,17
rapar,17
dopou,17
muniu,17
joana,17
metes,17
quito,17
jogai,17
saímo,17
diste,17
falia,17
goiás,17
remis,17
adita,17
prová,17
sondo,17
preme,17
ruirá,17
benza,17
mantê,16
chorá,16
sentá,16
roíam,16
animá,16
nabla,16
abres,16
bania,16
xarás,16
afiam,16
mofou,16
orçam,16
abafe,16
rires,16
sonde,16
recaí,16
cauta,16
vares,16
aviam,15
sovas,15
urdem,15
chale,15
pifes,15
turve,15
povoe,15
pisem,15
cacei,15
urdiu,15
solam,15
afiou,15
laçam,15
rache,15
césar,15
lucas,15
fusco,15
atino,15
sabei,15
miava,15
corrê,15
largá,15
aguce,15
aches,15
posei,15
anuas,15
braga,15
banhe,15
aludo,15
aforo,14
torná,14
abusá,14
carpi,14
viras,14
laçou,14
grila,14
bôers,14
pluga,14
sedie,14
ameis,14
salde,14
depus,14
multe,14
dosou,14
lavre,14
ature,14
dopam,14
rompo,14
cortá,14
corei,14
paula,14
capam,14
soara,14
vicie,14
rirão,14
zeres,14
lates,14
rimou,14
éreis,14
louçã,14
sorti,14
leias,14
cavei,14
legai,14
verti,14
bebei,14
fuças,14
bufei,13
devas,13
trocá,13
fechá,13
mucos,13
reges,13
brade,13
jacas,13
jorre,13
murou,13
podou,13
rapas,13
zumbe,13
despi,13
infle,13
calce,13
haure,13
apite,13
exibo,13
melas,13
urdia,13
pendo,13
formá,13
ouvis,13
aboli,13
sugue,13
levai,13
vades,13
tosas,13
quitá,12
deitá,12
judio,12
erras,12
finco,12
adito,12
piais,12
sacie,12
luzem,12
lamba,12
aliso,12
lixam,12
remói,12
eriça,12
poliu,12
vedem,12
xucra,12
mofam,12
tinja,12
sigas,12
farte,12
faros,12
abras,12
moíam,12
azula,12
sulca,12
zango,12
jurem,12
purgo,12
adoço,12
peida,12
posem,12
nadem,12
racho,12
domam,12
munia,12
minei,12
afixe,12
privo,12
balia,12
bales,12
laces,12
domes,12
variá,12
tinia,12
parai,12
somes,12
ranja,12
topai,11
irdes,11
alugá,11
tentá,11
duele,11
topem,11
varri,11
visei,11
afoba,11
freei,11
dosam,11
filou,11
drene,11
arava,11
falai,11
operá,11
momos,11
ouças,11
sovar,11
fiche,11
expio,11
rejam,11
tocai,11
solou,11
sofrê,11
vetas,11
notai,11
sobes,11
leres,11
rajar,11
varro,11
vivei,11
lotas,11
feres,11
gelei,11
vetes,10
molhá,10
nascê,10
limai,10
reate,10
orlam,10
ilhou,10
papam,10
penei,10
ornou,10
topas,10
coava,10
ganir,10
taxem,10
manja,10
benzi,10
pauto,10
teclo,10
tapem,10
angra,10
borre,10
congá,10
bafos,10
rejas,10
boiou,10
medes,10
fraga,10
visas,10
tossi,10
buliu,10
ousas,10
supro,10
piado,10
gritá,10
cifre,10
volvi,10
rondo,10
verta,10
primá,10
tesas,10
roubá,9
descê,9
aferi,9
aloje,9
brito,9
cagou,9
inale,9
nunes,9
urano,9
bundo,9
manjo,9
manés,9
abafo,9
lambo,9
atiço,9
borro,9
zumba,9
banem,9
zagas,9
danei,9
adoce,9
pules,9
luziu,9
bicou,9
andai,9
espie,9
prema,9
mires,9
drago,9
arguo,9
varem,9
entôo,9
cavem,9
apagá,9
reboa,9
votas,9
ceado,9
topes,9
boles,9
dures,9
movei,9
fiara,9
podei,9
cegue,9
verto,9
ficai,9
geras,8
seles,8
calçá,8
jantá,8
mames,8
lutes,8
inche,8
ungia,8
gania,8
turbe,8
cozem,8
isolo,8
intuo,8
afino,8
danou,8
tatua,8
socam,8
filem,8
rumas,8
cotam,8
lixem,8
alego,8
fatie,8
muras,8
feraz,8
balir,8
piauí,8
ganiu,8
ranjo,8
abane,8
coces,8
vigio,8
babes,8
vexes,8
loque,8
carmo,8
pisas,8
coara,7
gravá,7
vexem,7
cinja,7
vigiá,7
fumas,7
geles,7
rasgá,7
reato,7
marcá,7
regre,7
flavo,7
porás,7
gagas,7
tietê,7
raspo,7
fulge,7
cozia,7
fuçam,7
pinço,7
premi,7
aviou,7
zurro,7
alcem,7
atole,7
sambo,7
rogas,7
ilham,7
menir,7
autue,7
lavro,7
arfou,7
vaiem,7
bufam,7
caibo,7
limou,7
iludi,7
mijam,7
vetem,7
afira,7
orgem,7
safam,7
sarai,7
votai,7
casai,7
temei,7
zombe,7
ralho,7
emano,7
dotas,7
lutai,7
batei,7
goras,7
tacas,7
rimem,7
selem,7
filam,7
peite,7
zelei,7
finto,7
cinda,7
vidra,7
vagai,7
fruam,7
nadai,6
rapem,6
acudo,6
cosem,6
caias,6
lacei,6
lançá,6
aveio,6
pregá,6
tampá,6
fugis,6
alcei,6
espiá,6
crera,6
gália,6
jogas,6
emule,6
munem,6
selei,6
acudi,6
tosta,6
abris,6
abreu,6
cacas,6
apeia,6
rufam,6
usais,6
lobão,6
medre,6
enjoe,6
rapam,6
bufas,6
intuí,6
mimou,6
apolo,6
lotem,6
arfam,6
fedeu,6
aliei,6
picho,6
fuçou,6
coroe,6
criva,6
bolem,6
eximi,6
curai,6
nasço,6
mugia,6
côdea,6
arará,6
sanam,6
entoe,6
vazes,6
velem,6
tinem,6
gastá,6
jazeu,6
mugiu,6
roces,6
remes,6
sousa,6
lesei,6
nanas,6
insto,6
nanar,6
fujir,5
unges,5
vencê,5
duble,5
víeis,5
jures,5
dopes,5
brame,5
assei,5
freto,5
sobrá,5
tendê,5
avisá,5
cozas,5
tanja,5
surre,5
ardes,5
masco,5
ilhar,5
lobas,5
ursas,5
doerá,5
ceava,5
viana,5
tapei,5
toste,5
sambe,5
gelam,5
useis,5
assoa,5
viena,5
cocal,5
acuam,5
pegai,5
aturo,5
exale,5
trepo,5
zuniu,5
avive,5
exare,5
trepe,5
miara,5
mexas,5
fruiu,5
penes,5
lambi,5
calco,5
emulo,5
gorai,5
morai,5
untou,5
jubas,5
ralem,5
veles,5
ceiam,5
lixou,5
geres,5
inste,5
atuas,5
miais,5
erigi,4
solei,4
orará,4
coroá,4
içara,4
ornem,4
herdá,4
pagai,4
judiá,4
aguai,4
jazes,4
fruía,4
puxai,4
gloso,4
gajas,4
geais,4
cozeu,4
julgá,4
crerá,4
ganes,4
forçá,4
munis,4
subis,4
ocupá,4
xingá,4
argua,4
unimo,4
fruis,4
educá,4
hajas,4
zerei,4
zunem,4
êmula,4
chiem,4
remem,4
cacem,4
ateie,4
alago,4
sovou,4
mudes,4
afiem,4
coais,4
cagam,4
cisme,4
salgo,4
ralei,4
matai,4
calai,4
roera,4
ulula,4
mimam,4
rufem,4
domei,4
geado,4
coaxa,4
doera,4
rumei,4
zanza,4
catem,4
tangi,4
rifam,4
jinga,4
pince,4
mofas,4
saara,4
drogo,4
remei,4
cauto,4
safei,4
rangi,4
remas,4
capou,4
lasco,4
alies,4
lerás,4
pendi,4
diluo,4
buxos,4
evado,4
pulas,4
gabei,4
aturá,4
arejo,4
atirá,4
afore,4
adirá,4
pelai,4
roais,4
cremo,4
rujam,3
elevá,3
alijo,3
beijá,3
cocei,3
areis,3
tosto,3
apoiá,3
musca,3
azaro,3
ganem,3
imitá,3
revês,3
anuía,3
banhá,3
furtá,3
ruira,3
poupá,3
soltá,3
ferrá,3
inchá,3
montá,3
vingá,3
raspá,3
cavia,3
limam,3
cedas,3
solem,3
diluí,3
flori,3
erijo,3
domai,3
broco,3
areje,3
ergas,3
firas,3
limem,3
pintá,3
evitá,3
jejuo,3
amimo,3
medis,3
tolhi,3
viajá,3
bebas,3
danam,3
gingo,3
quedá,3
aguou,3
chovo,3
herdo,3
baixá,3
pioro,3
chovê,3
zarpe,3
zumbo,3
tiniu,3
mamei,3
abato,3
dublo,3
zombo,3
orças,3
pairo,3
ejeto,3
pifam,3
sanei,3
raiam,3
movas,3
vexam,3
tingi,3
crome,3
rapes,3
berre,3
ateio,3
bóiem,3
afofa,3
cague,3
legue,3
ungem,3
fucei,3
assoe,3
eroda,3
ateei,3
adiro,3
criai,3
velai,3
roerá,3
tendi,3
datei,3
penai,3
cairo,3
alije,3
azule,3
domas,3
untas,3
remiu,3
cates,3
ornei,3
sitie,3
içava,3
velei,3
papes,3
fervi,3
torro,3
berna,3
sagre,3
vises,3
bolai,3
adotá,3
remai,3
pelam,3
lacro,3
faltá,3
cerre,3
dotei,3
punis,3
raies,3
saudá,3
piara,3
afano,3
atais,3
evada,3
dosem,3
célia,3
sanem,3
ceife,2
ralhe,2
untem,2
mijei,2
ninai,2
saías,2
dopai,2
geava,2
ornes,2
ninem,2
rapte,2
troto,2
portá,2
saras,2
botai,2
inalo,2
ficho,2
varei,2
fitai,2
puxes,2
enoje,2
guies,2
sujes,2
moera,2
geiam,2
versá,2
arfei,2
manjá,2
subas,2
cocem,2
orlar,2
félix,2
peses,2
garfa,2
enviá,2
rezai,2
agues,2
leras,2
aviei,2
ululo,2
plugo,2
cursá,2
hauri,2
caiem,2
afiná,2
regro,2
mimem,2
tusso,2
decaí,2
arriá,2
atará,2
apeei,2
somai,2
fincá,2
copiá,2
burlo,2
safes,2
atacá,2
fatio,2
ateai,2
forjo,2
arfas,2
erice,2
feris,2
sumis,2
escôo,2
sisma,2
mimei,2
ousai,2
anuem,2
voais,2
miemo,2
domem,2
repus,2
coaxo,2
ledes,2
sambá,2
coaja,2
caçôo,2
dobrá,2
rapés,2
plote,2
gorei,2
avies,2
gozas,2
moldo,2
melam,2
bailo,2
adite,2
mixos,2
urrei,2
jejue,2
afobo,2
urras,2
violo,2
tines,2
artur,2
pifei,2
surjo,2
ejete,2
vexei,2
tatuo,2
balem,2
babei,2
azias,2
simão,2
vazei,2
rebôo,2
arria,2
rifes,2
azara,2
sorvi,2
rapai,2
fisgo,2
ladre,2
atolá,2
cunhe,2
zunia,2
furai,2
calhe,2
lesas,2
corem,2
afofe,2
punes,2
miará,2
rifem,2
caçoe,2
breco,2
suara,2
louvá,2
cabei,2
uivei,2
atara,2
ninei,2
gores,2
situá,2
nanei,2
nines,2
citai,2
aflua,2
papem,2
fritá,2
pilhe,2
durei,2
fluas,2
salvá,2
vadiá,2
expie,2
solde,2
vagis,2
coses,2
toses,2
devei,2
intua,2
dermo,2
pelou,2
rocem,2
teces,2
remoa,2
safas,2
pilho,2
uivem,2
ungis,1
fitem,1
exaro,1
bailá,1
sustá,1
apene,1
safem,1
caçoá,1
geara,1
chiei,1
testá,1
murai,1
advim,1
rirás,1
gôdos,1
fujem,1
coagi,1
mirai,1
afias,1
nevam,1
bunde,1
fujia,1
rajem,1
geris,1
gelem,1
pisai,1
durai,1
captá,1
mimes,1
lixes,1
agimo,1
nomeá,1
imolo,1
ornas,1
puxas,1
mimas,1
cotem,1
uriná,1
tosei,1
adulo,1
gozai,1
posas,1
iremo,1
avirá,1
zurre,1
onero,1
aloco,1
murem,1
exilo,1
apará,1
pastá,1
banis,1
pesai,1
remia,1
catai,1
apeie,1
virai,1
afluí,1
untes,1
rompê,1
adube,1
lambê,1
avias,1
nades,1
fluis,1
calcá,1
danes,1
punas,1
fiará,1
rifai,1
remoe,1
filmá,1
amigá,1
incho,1
fervê,1
sagro,1
isolá,1
avivo,1
cobrá,1
garôa,1
cismá,1
noive,1
mofes,1
rirei,1
doeis,1
meças,1
bulam,1
sovam,1
exalo,1
afana,1
ouses,1
anele,1
rimei,1
chutá,1
inibo,1
aguço,1
ninam,1
alojo,1
untam,1
caímo,1
vaiei,1
povôo,1
autuo,1
pecai,1
untei,1
caiou,1
tomás,1
tinjo,1
baliu,1
dopei,1
peitá,1
zanzo,1
selai,1
rufas,1
ceiem,1
ceeis,1
ceies,1
ceais,1
grile,1
elixo,1
oramo,1
zelai,1
piorá,1
lixei,1
sonhá,1
arrio,1
arpoa,1
coseu,1
lermo,1
ufane,1
tosam,1
coajo,1
raiem,1
magôo,1
falis,1
vexou,1
zunis,1
sugas,1
tosou,1
inovo,1
orlei,1
dopem,1
capai,1
evadi,1
sanai,1
minai,1
rodai,1
azede,1
rapei,1
armai,1
capei,1
ganis,1
posai,1
amolo,1
urgis,1
ardas,1
cavai,1
orara,1
cingi,1
obstá,1
optas,1
pises,1
acuai,1
caces,1
ruiam,1
mamai,1
miamo,1
remoí,1
sacio,1
laças,1
gelas,1
lacem,1
bancá,1
gabem,1
piará,1
arguí,1
nanes,1
abluí,1
riras,1
lidai,1
rajes,1
socai,1
lesai,1
mudai,1
zelas,1
frija,1
furas,1
vagia,1
benzê,1
coras,1
raiai,1
adiai,1
filai,1
vetai,1
girai,1
orcem,1
acues,1
fedei,1
orges,1
banes,1
pelei,1
vidre,1
